{"cameraMode":{"drawMode":0,"name":"Shaded","section":"Shading Mode"},"sceneLighting":true,"audioPlay":false,"sceneViewState":{"showFog":true,"showMaterialUpdate":false,"showSkybox":false,"showFlares":true,"showImageEffects":true,"showParticleSystems":true},"in2DMode":false,"pivot":{"x":14.052131652832032,"y":-5.844637870788574,"z":-91.54141998291016},"rotation":{"x":0.03174758329987526,"y":-0.9633277654647827,"z":0.1645677536725998,"w":0.2107355296611786},"size":2.20881986618042,"orthographic":false}