{"cameraMode":{"drawMode":0,"name":"Shaded","section":"Shading Mode"},"sceneLighting":true,"audioPlay":false,"sceneViewState":{"showFog":true,"showMaterialUpdate":false,"showSkybox":true,"showFlares":true,"showImageEffects":true,"showParticleSystems":true},"in2DMode":false,"pivot":{"x":-56.266693115234378,"y":40.23283767700195,"z":57.70729446411133},"rotation":{"x":0.13798072934150697,"y":0.8574283123016357,"z":-0.4180799126625061,"w":0.2701322138309479},"size":21.04158592224121,"orthographic":false}