{"cameraMode":{"drawMode":0,"name":"Shaded","section":"Shading Mode"},"sceneLighting":false,"audioPlay":false,"sceneViewState":{"showFog":true,"showMaterialUpdate":false,"showSkybox":false,"showFlares":true,"showImageEffects":true,"showParticleSystems":true},"in2DMode":false,"pivot":{"x":-0.00002891942858695984,"y":-0.23900705575942994,"z":-0.053952887654304507},"rotation":{"x":-0.05660013481974602,"y":0.3894908130168915,"z":-0.036295536905527118,"w":-0.919121265411377},"size":0.7684921622276306,"orthographic":false}