{"cameraMode":{"drawMode":0,"name":"Shaded","section":"Shading Mode"},"sceneLighting":false,"audioPlay":false,"sceneViewState":{"showFog":true,"showMaterialUpdate":false,"showSkybox":false,"showFlares":true,"showImageEffects":true,"showParticleSystems":true},"in2DMode":false,"pivot":{"x":-3.922379970550537,"y":1.2430000305175782,"z":1.2361574172973633},"rotation":{"x":0.19346676766872407,"y":0.22204212844371797,"z":-0.03822850063443184,"w":0.9554548859596252},"size":1.4177446365356446,"orthographic":false}