{"cameraMode":{"drawMode":0,"name":"Shaded","section":"Shading Mode"},"sceneLighting":false,"audioPlay":false,"sceneViewState":{"showFog":true,"showMaterialUpdate":false,"showSkybox":false,"showFlares":true,"showImageEffects":true,"showParticleSystems":true},"in2DMode":false,"pivot":{"x":0.02286304160952568,"y":-0.012388527393341065,"z":-0.13215471804141999},"rotation":{"x":0.8024184107780457,"y":0.18876959383487702,"z":-0.32501137256622317,"w":0.4638157784938812},"size":0.3566766381263733,"orthographic":false}