{"cameraMode":{"drawMode":0,"name":"Shaded","section":"Shading Mode"},"sceneLighting":false,"audioPlay":false,"sceneViewState":{"showFog":true,"showMaterialUpdate":false,"showSkybox":false,"showFlares":true,"showImageEffects":true,"showParticleSystems":true},"in2DMode":false,"pivot":{"x":10.934541702270508,"y":2.1680142879486086,"z":-0.05228161811828613},"rotation":{"x":0.5121479034423828,"y":-0.06534755229949951,"z":0.04012475907802582,"w":0.8556846380233765},"size":1.3863518238067628,"orthographic":false}