{"cameraMode":{"drawMode":0,"name":"Shaded","section":"Shading Mode"},"sceneLighting":false,"audioPlay":false,"sceneViewState":{"showFog":true,"showMaterialUpdate":false,"showSkybox":false,"showFlares":true,"showImageEffects":true,"showParticleSystems":true},"in2DMode":false,"pivot":{"x":-0.00002002716064453125,"y":-1.0054445266723633,"z":0.04237222671508789},"rotation":{"x":-0.783110499382019,"y":0.11673512309789658,"z":-0.17305903136730195,"w":-0.587444007396698},"size":1.563500165939331,"orthographic":false}