{"cameraMode":{"drawMode":0,"name":"Shaded","section":"Shading Mode"},"sceneLighting":false,"audioPlay":false,"sceneViewState":{"showFog":true,"showMaterialUpdate":false,"showSkybox":false,"showFlares":true,"showImageEffects":true,"showParticleSystems":true},"in2DMode":false,"pivot":{"x":-72.98384094238281,"y":11.696198463439942,"z":13.648921012878418},"rotation":{"x":-0.028284089639782907,"y":0.9653602242469788,"z":-0.23569241166114808,"w":-0.11837080866098404},"size":2.2477293014526369,"orthographic":false}