{"cameraMode":{"drawMode":0,"name":"Shaded","section":"Shading Mode"},"sceneLighting":false,"audioPlay":false,"sceneViewState":{"showFog":true,"showMaterialUpdate":false,"showSkybox":false,"showFlares":true,"showImageEffects":true,"showParticleSystems":true},"in2DMode":false,"pivot":{"x":-0.4303687512874603,"y":0.2885051965713501,"z":-0.01324838399887085},"rotation":{"x":0.6946898698806763,"y":0.00431563425809145,"z":-0.0041688005439937119,"w":0.7192933559417725},"size":0.527124285697937,"orthographic":false}