{"cameraMode":{"drawMode":0,"name":"Shaded","section":"Shading Mode"},"sceneLighting":false,"audioPlay":false,"sceneViewState":{"showFog":true,"showMaterialUpdate":false,"showSkybox":false,"showFlares":true,"showImageEffects":true,"showParticleSystems":true},"in2DMode":false,"pivot":{"x":-0.21310663223266602,"y":0.29587697982788088,"z":-0.057466983795166019},"rotation":{"x":0.7719272971153259,"y":0.009534125216305256,"z":-0.011579500511288643,"w":0.6355383992195129},"size":0.827124297618866,"orthographic":false}