{"cameraMode":{"drawMode":0,"name":"Shaded","section":"Shading Mode"},"sceneLighting":true,"audioPlay":false,"sceneViewState":{"showFog":true,"showMaterialUpdate":false,"showSkybox":false,"showFlares":true,"showImageEffects":true,"showParticleSystems":true},"in2DMode":false,"pivot":{"x":14.052131652832032,"y":-5.844637870788574,"z":-91.54141998291016},"rotation":{"x":0.3099305033683777,"y":-0.027449240908026696,"z":0.01306598074734211,"w":0.9505370855331421},"size":3.0044193267822267,"orthographic":false}