{"cameraMode":{"drawMode":0,"name":"Shaded","section":"Shading Mode"},"sceneLighting":false,"audioPlay":false,"sceneViewState":{"showFog":true,"showMaterialUpdate":false,"showSkybox":false,"showFlares":true,"showImageEffects":true,"showParticleSystems":true},"in2DMode":false,"pivot":{"x":12.627227783203125,"y":1.4291999340057374,"z":-5.67160701751709},"rotation":{"x":-0.14318245649337769,"y":0.5042402148246765,"z":-0.08548277616500855,"w":-0.8483633995056152},"size":1.3589699268341065,"orthographic":false}