{"cameraMode":{"drawMode":0,"name":"Shaded","section":"Shading Mode"},"sceneLighting":true,"audioPlay":false,"sceneViewState":{"showFog":true,"showMaterialUpdate":false,"showSkybox":false,"showFlares":true,"showImageEffects":true,"showParticleSystems":true},"in2DMode":false,"pivot":{"x":-2.107257843017578,"y":2.56427001953125,"z":2.3650903701782228},"rotation":{"x":0.9146530628204346,"y":0.05665227398276329,"z":-0.12694548070430757,"w":0.38024887442588808},"size":14.344815254211426,"orthographic":false}