{"cameraMode":{"drawMode":0,"name":"Shaded","section":"Shading Mode"},"sceneLighting":false,"audioPlay":false,"sceneViewState":{"showFog":true,"showMaterialUpdate":false,"showSkybox":false,"showFlares":true,"showImageEffects":true,"showParticleSystems":true},"in2DMode":false,"pivot":{"x":0.0,"y":-0.9673199653625488,"z":0.030189990997314454},"rotation":{"x":-0.10612581670284271,"y":-0.6771036982536316,"z":0.08406883478164673,"w":-0.7240219116210938},"size":0.6628512144088745,"orthographic":false}