{"cameraMode":{"drawMode":0,"name":"Shaded","section":"Shading Mode"},"sceneLighting":false,"audioPlay":false,"sceneViewState":{"showFog":true,"showMaterialUpdate":false,"showSkybox":false,"showFlares":true,"showImageEffects":true,"showParticleSystems":true},"in2DMode":false,"pivot":{"x":0.7697353363037109,"y":1.479905128479004,"z":-0.04790997505187988},"rotation":{"x":-0.14318245649337769,"y":0.5042402148246765,"z":-0.08548277616500855,"w":-0.8483633995056152},"size":10.393655776977539,"orthographic":false}