{"cameraMode":{"drawMode":0,"name":"Shaded","section":"Shading Mode"},"sceneLighting":false,"audioPlay":false,"sceneViewState":{"showFog":true,"showMaterialUpdate":false,"showSkybox":false,"showFlares":true,"showImageEffects":true,"showParticleSystems":true},"in2DMode":false,"pivot":{"x":0.0,"y":-0.4275999069213867,"z":0.034800052642822269},"rotation":{"x":-0.8131526708602905,"y":0.11575599759817124,"z":-0.1733206957578659,"w":-0.5435327887535095},"size":1.2635002136230469,"orthographic":false}