{"cameraMode":{"drawMode":0,"name":"Shaded","section":"Shading Mode"},"sceneLighting":true,"audioPlay":false,"sceneViewState":{"showFog":true,"showMaterialUpdate":false,"showSkybox":false,"showFlares":true,"showImageEffects":true,"showParticleSystems":true},"in2DMode":false,"pivot":{"x":-264.15997314453127,"y":-93.13749694824219,"z":-32.474082946777347},"rotation":{"x":-0.45258957147598269,"y":-0.19886323809623719,"z":0.10437828302383423,"w":-0.8630508780479431},"size":266.614990234375,"orthographic":false}