{"cameraMode":{"drawMode":0,"name":"Shaded","section":"Shading Mode"},"sceneLighting":false,"audioPlay":false,"sceneViewState":{"showFog":true,"showMaterialUpdate":false,"showSkybox":false,"showFlares":true,"showImageEffects":true,"showParticleSystems":true},"in2DMode":false,"pivot":{"x":-7.450580596923828e-9,"y":-7.450580596923828e-9,"z":0.02671404369175434},"rotation":{"x":-0.15556663274765016,"y":0.6354336738586426,"z":-0.14499220252037049,"w":-0.7437158226966858},"size":0.17531967163085938,"orthographic":false}