{"cameraMode":{"drawMode":0,"name":"Shaded","section":"Shading Mode"},"sceneLighting":true,"audioPlay":false,"sceneViewState":{"showFog":true,"showMaterialUpdate":false,"showSkybox":false,"showFlares":true,"showImageEffects":true,"showParticleSystems":true},"in2DMode":false,"pivot":{"x":14.052131652832032,"y":-5.844637870788574,"z":-91.54141998291016},"rotation":{"x":0.01665644533932209,"y":-0.2668185234069824,"z":0.00845993310213089,"w":0.9638257622718811},"size":5.404419898986816,"orthographic":false}