{"cameraMode":{"drawMode":0,"name":"Shaded","section":"Shading Mode"},"sceneLighting":false,"audioPlay":false,"sceneViewState":{"showFog":true,"showMaterialUpdate":false,"showSkybox":false,"showFlares":true,"showImageEffects":true,"showParticleSystems":true},"in2DMode":false,"pivot":{"x":1.9114999771118165,"y":0.7379999756813049,"z":-0.9399999976158142},"rotation":{"x":-0.2524109184741974,"y":0.43371549248695376,"z":-0.13107678294181825,"w":-0.8553114533424377},"size":2.314196825027466,"orthographic":false}