{"cameraMode":{"drawMode":0,"name":"Shaded","section":"Shading Mode"},"sceneLighting":false,"audioPlay":false,"sceneViewState":{"showFog":true,"showMaterialUpdate":false,"showSkybox":false,"showFlares":true,"showImageEffects":true,"showParticleSystems":true},"in2DMode":false,"pivot":{"x":-2.6465039253234865,"y":1.600000023841858,"z":8.076690673828125},"rotation":{"x":-0.11058293282985687,"y":-0.8937293887138367,"z":0.3200283348560333,"w":-0.2951637804508209},"size":7.54013729095459,"orthographic":false}